idProduto,nota,comentario,codcliente,espacoalimentar
1,2,Cloned 5th generation solution,39,5
2,3,User-centric tertiary initiative,31,3
3,8,Optimized optimizing extranet,38,5
4,5,Synergistic next generation encryption,8,2
5,4,Streamlined high-level help-desk,14,1
6,6,Triple-buffered incremental encryption,25,1
7,5,Versatile bandwidth-monitored system engine,31,1
8,3,Pre-emptive bifurcated approach,26,1
9,2,Stand-alone actuating success,38,5
10,3,Right-sized coherent initiative,96,3
11,1,Enhanced bottom-line model,69,1
12,10,Right-sized 3rd generation concept,58,4
13,2,Ameliorated mobile Graphic Interface,63,5
14,1,Self-enabling multi-state migration,69,5
15,3,Exclusive demand-driven toolset,51,1
16,5,Organized background instruction set,21,3
17,3,Monitored 24/7 encryption,39,3
18,7,Multi-lateral bi-directional productivity,36,1
19,1,Synergized zero administration alliance,60,3
20,9,Vision-oriented dedicated matrix,29,3
21,7,Operative static analyzer,85,3
22,10,Expanded neutral adapter,100,4
23,4,Customer-focused eco-centric artificial intelligence,51,4
24,8,Ergonomic scalable firmware,65,3
25,5,Advanced optimal adapter,51,4
26,2,Re-contextualized analyzing software,40,2
27,6,Cross-group regional archive,72,2
28,2,Fully-configurable bottom-line portal,60,5
29,9,Proactive didactic Graphical User Interface,42,4
30,7,Synergistic system-worthy data-warehouse,4,5
31,8,Cross-group national solution,43,4
32,4,Decentralized needs-based info-mediaries,29,4
33,3,Advanced mobile info-mediaries,58,2
34,2,Intuitive empowering parallelism,0,3
35,2,Multi-channelled directional conglomeration,42,3
36,7,Phased zero defect core,35,1
37,5,Optimized local algorithm,30,3
38,9,Grass-roots actuating process improvement,7,2
39,4,Polarised mobile methodology,31,5
40,10,Reactive real-time task-force,93,1
41,8,Self-enabling leading edge initiative,2,2
42,9,Devolved well-modulated paradigm,5,1
43,2,Automated responsive ability,87,1
44,6,Business-focused motivating website,6,5
45,1,Reduced dynamic forecast,27,2
46,3,Right-sized directional forecast,52,3
47,1,Down-sized maximized functionalities,83,5
48,1,Upgradable client-server extranet,74,4
49,3,Reduced asynchronous solution,81,2
50,6,Secured uniform support,20,5
51,1,Proactive systemic paradigm,38,1
52,7,Profit-focused zero administration budgetary management,67,3
53,3,User-friendly full-range framework,57,4
54,3,Exclusive 5th generation process improvement,91,1
55,3,Extended disintermediate middleware,9,3
56,10,Cross-platform neutral capacity,34,5
57,8,Intuitive homogeneous paradigm,15,5
58,10,Future-proofed secondary neural-net,1,2
59,5,Multi-tiered directional hierarchy,33,2
60,5,Pre-emptive static attitude,11,1
61,10,Profit-focused intangible structure,54,1
62,4,Vision-oriented heuristic service-desk,23,3
63,5,Networked bifurcated data-warehouse,80,5
64,8,Implemented cohesive solution,90,4
65,8,Mandatory client-server time-frame,61,5
66,8,Exclusive multi-state model,74,3
67,2,De-engineered object-oriented support,2,2
68,4,Polarised next generation project,75,5
69,8,Robust heuristic projection,100,1
70,7,Intuitive incremental protocol,43,2
71,2,Reduced stable approach,12,4
72,5,Business-focused directional analyzer,67,2
73,6,Centralized solution-oriented circuit,73,4
74,7,Progressive methodical flexibility,76,4
75,7,Phased foreground structure,71,4
76,9,Quality-focused uniform secured line,86,4
77,6,Multi-lateral impactful support,84,5
78,7,Streamlined grid-enabled array,1,3
79,5,Pre-emptive non-volatile project,35,5
80,1,Re-engineered systematic approach,9,4
81,6,Ergonomic demand-driven database,90,1
82,8,De-engineered system-worthy superstructure,96,4
83,3,Enhanced fault-tolerant system engine,32,1
84,1,Up-sized value-added challenge,21,3
85,10,Progressive discrete collaboration,100,2
86,8,Fully-configurable needs-based productivity,79,2
87,7,Networked user-facing moratorium,16,2
88,8,Total client-driven intranet,25,3
89,4,Enhanced demand-driven project,55,2
90,7,Public-key intangible definition,21,2
91,9,Versatile modular projection,16,2
92,1,Grass-roots composite complexity,82,2
93,8,Multi-layered zero defect contingency,98,3
94,1,Sharable demand-driven alliance,53,3
95,5,Cloned multimedia toolset,59,3
96,6,Multi-layered impactful synergy,44,5
97,5,Self-enabling 4th generation system engine,3,4
98,5,Seamless directional firmware,79,4
99,6,Profit-focused upward-trending moratorium,87,1
100,10,Front-line human-resource website,8,5
101,8,Vision-oriented needs-based challenge,37,3
102,6,Customizable mobile circuit,64,4
103,10,Business-focused needs-based productivity,98,5
104,3,Compatible interactive methodology,63,1
105,10,Quality-focused interactive attitude,20,1
106,10,Devolved optimizing system engine,92,5
107,9,Horizontal foreground core,76,3
108,10,Cross-group global interface,24,5
109,10,Multi-tiered attitude-oriented functionalities,37,2
110,9,Open-source optimizing matrices,18,1
111,8,Programmable zero tolerance success,20,3
112,5,Phased needs-based frame,10,1
113,8,Optimized encompassing customer loyalty,84,4
114,5,Operative hybrid solution,20,2
115,1,Reactive reciprocal local area network,95,5
116,8,Devolved actuating intranet,58,3
117,9,Multi-channelled mission-critical function,2,5
118,1,Synchronised full-range initiative,52,4
119,5,Enhanced client-server hub,91,2
120,7,Persistent bifurcated protocol,46,5
121,5,Function-based radical system engine,89,4
122,3,Centralized optimizing product,12,5
123,10,Synergistic zero tolerance frame,78,1
124,7,Enhanced interactive circuit,21,2
125,6,Persevering 4th generation budgetary management,16,1
126,3,Synergized user-facing Graphic Interface,65,4
127,10,Sharable content-based focus group,0,3
128,3,Upgradable foreground paradigm,48,5
129,6,Up-sized zero defect product,54,5
130,7,Customizable optimizing interface,48,4
131,4,Distributed zero defect strategy,83,3
132,3,Exclusive context-sensitive array,26,3
133,8,Expanded neutral approach,15,3
134,10,Realigned well-modulated success,73,5
135,6,Ergonomic attitude-oriented knowledge base,65,4
136,7,Streamlined global knowledge user,50,2
137,7,Right-sized system-worthy local area network,50,4
138,8,Customizable 24 hour migration,30,1
139,4,Organic tertiary benchmark,56,4
140,5,Open-architected national orchestration,89,3
141,3,Extended 5th generation methodology,41,3
142,7,Profound homogeneous ability,35,3
143,8,Expanded modular concept,21,5
144,8,Configurable incremental analyzer,21,2
145,4,Function-based human-resource artificial intelligence,71,1
146,9,Front-line exuding Graphic Interface,54,2
147,5,Multi-layered hybrid matrices,35,5
148,6,Monitored eco-centric initiative,52,5
149,9,Total interactive monitoring,19,5
150,4,Configurable optimal Graphical User Interface,42,4
151,8,Centralized fresh-thinking moderator,8,1
152,4,Reduced well-modulated core,65,5
153,6,Cloned clear-thinking open system,90,2
154,2,Team-oriented intermediate array,52,5
155,1,Self-enabling regional conglomeration,16,3
156,8,Face to face dynamic installation,63,5
157,5,Monitored discrete local area network,10,4
158,1,Expanded motivating instruction set,27,2
159,5,Optimized coherent success,28,2
160,8,Extended non-volatile application,20,4
161,6,Fundamental static ability,47,2
162,9,Vision-oriented multi-state synergy,98,3
163,7,Object-based full-range matrix,16,4
164,8,Profound system-worthy capacity,26,1
165,5,Organic hybrid analyzer,70,2
166,7,Switchable maximized moratorium,13,4
167,1,Innovative tangible Graphic Interface,10,5
168,5,Robust object-oriented conglomeration,31,2
169,2,Synergistic background function,89,2
170,5,Realigned fresh-thinking access,65,4
171,8,Extended exuding matrix,4,4
172,9,Reactive even-keeled migration,26,3
173,4,Organic web-enabled neural-net,75,3
174,7,Inverse secondary protocol,6,4
175,1,Programmable holistic instruction set,28,4
176,6,Persevering clear-thinking system engine,85,3
177,9,Universal static core,46,1
178,1,Right-sized mission-critical emulation,75,2
179,7,Upgradable responsive neural-net,61,3
180,10,Front-line client-driven monitoring,55,5
181,7,Secured incremental projection,88,4
182,6,Persistent disintermediate software,66,1
183,7,Advanced regional support,28,2
184,8,Up-sized fresh-thinking encoding,17,2
185,2,Universal disintermediate secured line,2,4
186,4,Persevering multimedia definition,42,3
187,2,Universal content-based analyzer,59,2
188,7,Multi-tiered object-oriented process improvement,66,3
189,9,Balanced mobile orchestration,98,5
190,3,Profound needs-based benchmark,95,1
191,7,Team-oriented scalable policy,86,3
192,9,Programmable 24/7 adapter,18,4
193,2,Future-proofed actuating functionalities,48,4
194,10,Pre-emptive bandwidth-monitored adapter,92,4
195,10,Synergistic reciprocal strategy,59,3
196,10,Optional solution-oriented knowledge base,57,2
197,3,Optimized interactive matrices,46,1
198,2,Synergized modular methodology,46,3
199,4,Switchable high-level artificial intelligence,80,3
200,6,Grass-roots object-oriented artificial intelligence,53,5
201,4,Re-contextualized multi-state challenge,34,5
202,4,Grass-roots multi-tasking policy,62,3
203,1,Visionary exuding superstructure,19,3
204,10,Optimized multimedia focus group,47,5
205,8,Operative methodical toolset,86,3
206,2,Reverse-engineered responsive utilisation,86,3
207,6,Cross-platform upward-trending Graphic Interface,50,5
208,3,Robust eco-centric alliance,9,3
209,1,Customizable asymmetric extranet,50,4
210,3,Sharable background neural-net,86,5
211,7,Managed client-driven info-mediaries,30,2
212,5,Robust asynchronous project,2,5
213,7,Open-architected bi-directional model,91,3
214,1,Object-based intangible project,64,3
215,8,Networked executive secured line,69,1
216,9,Exclusive optimizing contingency,68,2
217,6,Pre-emptive web-enabled moratorium,14,4
218,10,Cross-platform systemic workforce,0,2
219,7,Automated exuding projection,62,5
220,8,Innovative hybrid paradigm,10,2
221,1,Innovative coherent protocol,97,1
222,4,Grass-roots clear-thinking hardware,82,2
223,2,Ameliorated national secured line,83,2
224,10,Synergized exuding project,9,2
225,7,Organic grid-enabled hierarchy,31,4
226,9,Fully-configurable cohesive concept,70,5
227,1,Quality-focused intangible application,92,1
228,4,Quality-focused leading edge core,46,1
229,6,Vision-oriented zero defect monitoring,49,2
230,5,Re-contextualized radical approach,19,3
231,8,Horizontal responsive database,7,1
232,10,Multi-channelled 4th generation capability,73,3
233,2,Total clear-thinking artificial intelligence,11,3
234,10,Object-based responsive parallelism,9,5
235,9,Phased client-server synergy,72,1
236,1,Adaptive national utilisation,18,1
237,10,Fundamental dedicated system engine,33,3
238,5,Pre-emptive actuating service-desk,86,2
239,1,Organic responsive time-frame,31,2
240,2,Implemented directional task-force,0,4
241,7,User-friendly 4th generation process improvement,97,4
242,3,Front-line maximized collaboration,69,1
243,8,Proactive well-modulated alliance,75,4
244,9,Polarised 5th generation moderator,57,3
245,5,Progressive zero administration definition,2,3
246,4,Upgradable 5th generation hardware,93,1
247,10,Profound zero administration methodology,60,2
248,7,Optimized empowering success,53,2
249,4,Future-proofed background interface,25,3
250,5,Self-enabling neutral access,97,1
251,3,Re-contextualized clear-thinking moratorium,4,2
252,1,Multi-tiered next generation function,66,1
253,3,Triple-buffered 5th generation matrix,30,3
254,10,Business-focused grid-enabled migration,1,5
255,10,Intuitive radical parallelism,0,5
256,6,Intuitive zero defect software,30,4
257,1,Cloned neutral functionalities,16,5
258,7,Optimized transitional budgetary management,90,1
259,2,Advanced bottom-line neural-net,87,3
260,3,Synchronised zero tolerance artificial intelligence,82,5
261,2,Business-focused executive orchestration,16,4
262,4,Multi-tiered uniform toolset,36,2
263,4,Seamless hybrid database,66,3
264,2,Upgradable bifurcated analyzer,68,2
265,2,Fully-configurable high-level focus group,15,5
266,3,Integrated 5th generation superstructure,63,5
267,10,Reduced cohesive knowledge base,38,1
268,1,Quality-focused modular definition,57,1
269,6,Implemented asymmetric structure,98,5
270,10,Focused global initiative,65,3
271,5,Quality-focused zero tolerance local area network,99,4
272,2,Organized optimizing productivity,37,3
273,5,Managed radical Graphic Interface,91,2
274,9,Stand-alone directional neural-net,83,5
275,9,Persistent zero tolerance process improvement,46,5
276,3,Up-sized next generation access,26,3
277,7,Up-sized bandwidth-monitored knowledge base,51,2
278,1,Up-sized composite secured line,83,3
279,7,Quality-focused bandwidth-monitored architecture,41,5
280,3,Stand-alone 24 hour hardware,4,1
281,9,Synchronised 3rd generation model,74,3
282,3,Exclusive coherent policy,54,5
283,2,Realigned explicit benchmark,23,2
284,1,Compatible cohesive flexibility,4,1
285,6,Digitized asymmetric open system,81,2
286,5,Re-contextualized real-time definition,39,1
287,6,Innovative cohesive budgetary management,95,3
288,10,Open-architected full-range installation,68,4
289,10,Pre-emptive responsive architecture,43,1
290,6,Distributed incremental benchmark,75,5
291,6,Automated incremental standardization,37,5
292,9,Enhanced object-oriented circuit,63,2
293,3,Down-sized optimal core,79,4
294,3,Down-sized stable circuit,27,5
295,4,Diverse 6th generation focus group,11,4
296,1,Open-source 24/7 forecast,19,5
297,6,Programmable secondary info-mediaries,74,4
298,2,Distributed radical instruction set,76,4
299,1,Optimized disintermediate strategy,54,2
300,1,Customizable contextually-based website,95,1
301,7,Object-based modular hierarchy,100,2
302,5,Right-sized 5th generation adapter,8,4
303,9,Re-engineered solution-oriented contingency,54,5
304,10,Visionary bandwidth-monitored forecast,65,2
305,4,Front-line responsive interface,64,3
306,3,Profound attitude-oriented toolset,10,4
307,7,Open-architected responsive circuit,80,3
308,6,Phased mobile open architecture,20,2
309,1,Open-architected encompassing software,10,5
310,7,Advanced 6th generation hierarchy,45,2
311,2,Profound local productivity,40,1
312,7,Object-based fresh-thinking Graphic Interface,89,2
313,2,Ergonomic bifurcated alliance,31,2
314,5,User-centric optimal extranet,6,2
315,9,Synergistic maximized pricing structure,96,3
316,2,Cross-platform tangible solution,97,3
317,1,Synchronised dedicated ability,39,5
318,1,Devolved dynamic budgetary management,0,5
319,9,Sharable even-keeled monitoring,76,1
320,4,Monitored contextually-based support,68,2
321,7,Organized value-added adapter,31,4
322,10,Inverse bifurcated orchestration,47,3
323,2,Reactive object-oriented hierarchy,91,1
324,1,Fundamental radical collaboration,66,2
325,8,Organic content-based parallelism,57,2
326,7,Cloned systematic complexity,60,4
327,7,Adaptive multi-state capacity,16,5
328,9,Managed mission-critical concept,72,3
329,7,Reverse-engineered scalable collaboration,69,1
330,1,Cross-platform web-enabled concept,72,5
331,2,Universal solution-oriented local area network,60,4
332,7,Operative hybrid task-force,80,5
333,2,Re-engineered solution-oriented emulation,11,5
334,10,Progressive optimal matrices,28,3
335,5,Programmable non-volatile installation,29,3
336,6,Streamlined bifurcated database,48,5
337,2,Proactive multimedia workforce,100,4
338,4,Stand-alone 24/7 functionalities,26,5
339,4,Reverse-engineered multimedia info-mediaries,14,1
340,6,Polarised fresh-thinking intranet,84,4
341,1,Digitized object-oriented migration,61,3
342,6,Vision-oriented high-level software,62,4
343,8,Inverse content-based core,7,1
344,6,Reactive empowering core,28,3
345,6,Robust contextually-based secured line,69,2
346,3,Public-key next generation challenge,25,2
347,4,Multi-layered multi-tasking paradigm,33,1
348,9,Public-key global knowledge base,92,3
349,6,Public-key zero administration superstructure,86,5
350,2,Profound value-added methodology,77,3
351,1,Centralized regional groupware,9,1
352,2,Phased motivating info-mediaries,49,3
353,7,Synergistic local throughput,40,3
354,3,Intuitive client-driven ability,13,2
355,5,Optimized attitude-oriented capacity,24,2
356,7,Devolved didactic contingency,45,4
357,7,Mandatory needs-based ability,60,2
358,9,Adaptive optimizing frame,23,2
359,2,Inverse eco-centric framework,50,2
360,10,Compatible bottom-line pricing structure,37,3
361,7,Upgradable heuristic middleware,4,3
362,8,Inverse content-based standardization,86,4
363,1,Cloned 6th generation hardware,84,5
364,7,Managed secondary benchmark,11,5
365,10,Optimized composite system engine,98,1
366,1,Secured holistic encryption,87,3
367,1,Realigned methodical functionalities,52,4
368,3,Compatible 6th generation help-desk,12,5
369,1,Streamlined fresh-thinking Graphical User Interface,68,1
370,4,Realigned transitional artificial intelligence,1,2
371,7,Devolved high-level collaboration,44,1
372,6,Profit-focused heuristic moderator,15,2
373,9,Switchable tangible array,49,1
374,4,Ameliorated homogeneous open architecture,65,2
375,6,Programmable homogeneous hub,17,4
376,5,Grass-roots logistical protocol,1,5
377,8,Operative transitional budgetary management,42,1
378,1,Progressive user-facing data-warehouse,50,1
379,3,Monitored neutral function,56,1
380,7,Balanced scalable product,48,5
381,9,Cross-platform transitional framework,16,4
382,9,Face to face well-modulated installation,56,4
383,1,Switchable human-resource architecture,36,5
384,1,Organized background projection,32,5
385,2,Optional client-driven Graphic Interface,97,5
386,6,Monitored national middleware,80,4
387,7,Enterprise-wide solution-oriented portal,63,3
388,7,Switchable full-range interface,81,2
389,9,Ameliorated asymmetric framework,52,4
390,7,Object-based content-based infrastructure,82,1
391,5,Digitized interactive migration,24,5
392,9,Networked full-range time-frame,8,2
393,5,Programmable zero tolerance access,24,1
394,6,Right-sized heuristic groupware,27,1
395,9,Intuitive zero defect utilisation,4,1
396,1,Operative composite projection,1,5
397,1,Implemented secondary pricing structure,91,2
398,2,Distributed bottom-line encoding,28,1
399,4,Cloned asymmetric architecture,40,2
400,1,Secured fault-tolerant alliance,75,5
401,3,Phased even-keeled hub,75,2
402,1,Team-oriented methodical moratorium,90,4
403,1,Cloned local neural-net,0,4
404,8,Right-sized actuating hierarchy,56,2
405,9,Seamless bottom-line capability,53,2
406,1,Advanced impactful infrastructure,91,1
407,9,Synchronised maximized attitude,41,3
408,5,Monitored human-resource monitoring,100,4
409,8,Versatile bottom-line extranet,63,5
410,3,Front-line fresh-thinking project,47,2
411,7,Automated 6th generation internet solution,77,1
412,3,Enhanced system-worthy instruction set,5,2
413,8,Organized composite hierarchy,41,4
414,9,Triple-buffered global benchmark,28,2
415,9,Reactive scalable policy,39,2
416,1,Programmable even-keeled pricing structure,90,2
417,10,Balanced regional customer loyalty,89,2
418,1,Reduced demand-driven moratorium,47,5
419,2,Universal mobile strategy,7,4
420,10,Triple-buffered contextually-based moderator,85,5
421,3,Proactive hybrid help-desk,49,1
422,9,Automated methodical matrix,59,5
423,4,Self-enabling static system engine,34,5
424,1,Self-enabling zero administration methodology,46,1
425,6,Pre-emptive explicit paradigm,98,1
426,6,Ergonomic value-added archive,78,3
427,1,Automated disintermediate flexibility,2,1
428,1,Implemented discrete encoding,56,1
429,2,Enhanced non-volatile circuit,32,5
430,2,Multi-layered context-sensitive projection,95,1
431,1,Customizable context-sensitive analyzer,14,4
432,6,Grass-roots foreground knowledge user,45,4
433,10,Organic reciprocal methodology,16,1
434,3,Innovative 4th generation database,66,5
435,1,Synchronised scalable database,24,1
436,6,Cross-group optimizing parallelism,44,2
437,3,Business-focused directional solution,30,2
438,2,Advanced 6th generation standardization,72,3
439,1,Multi-tiered actuating productivity,66,2
440,3,Cross-group static hardware,10,2
441,4,Team-oriented zero tolerance orchestration,51,4
442,8,Public-key radical interface,26,5
443,2,Streamlined fresh-thinking flexibility,90,4
444,10,Enterprise-wide radical policy,96,1
445,3,Phased radical task-force,85,3
446,7,Right-sized 24/7 software,61,1
447,3,Synergized grid-enabled hardware,19,1
448,8,Polarised grid-enabled capacity,8,4
449,2,Versatile fault-tolerant Graphical User Interface,68,5
450,4,Persistent discrete software,13,2
451,2,User-friendly interactive access,13,4
452,6,Configurable full-range matrices,70,5
453,10,User-friendly reciprocal infrastructure,23,5
454,2,Customizable bi-directional alliance,43,2
455,5,Open-architected secondary groupware,60,4
456,7,Vision-oriented user-facing archive,83,2
457,3,Vision-oriented 6th generation knowledge base,68,4
458,4,Right-sized executive flexibility,87,1
459,1,Object-based full-range structure,98,3
460,4,Innovative client-server migration,83,3
461,6,Diverse analyzing pricing structure,81,5
462,2,Mandatory zero administration intranet,37,3
463,7,Vision-oriented zero tolerance support,62,3
464,10,Diverse discrete benchmark,4,5
465,10,Robust secondary projection,1,4
466,4,Synergized uniform complexity,90,3
467,8,Horizontal 4th generation throughput,79,3
468,4,Self-enabling context-sensitive product,100,5
469,4,Ergonomic regional open architecture,13,5
470,5,Seamless coherent project,83,5
471,1,Ergonomic logistical pricing structure,9,2
472,8,Vision-oriented foreground approach,23,3
473,6,Quality-focused directional system engine,50,3
474,1,Multi-channelled methodical emulation,14,1
475,10,Phased value-added portal,82,4
476,10,Self-enabling asynchronous architecture,24,5
477,7,Expanded zero tolerance concept,36,1
478,4,Robust hybrid alliance,82,5
479,10,Right-sized upward-trending policy,67,3
480,6,Virtual encompassing approach,48,4
481,10,Visionary discrete instruction set,36,5
482,6,Synchronised neutral monitoring,25,4
483,5,Customizable national success,47,1
484,5,Future-proofed neutral secured line,9,4
485,3,Future-proofed tangible forecast,93,3
486,6,Reduced methodical open system,44,3
487,1,Synchronised dynamic intranet,19,5
488,4,Up-sized empowering emulation,20,2
489,4,Realigned zero tolerance infrastructure,54,1
490,1,Centralized mission-critical knowledge base,13,3
491,3,Universal fresh-thinking installation,18,5
492,3,Pre-emptive optimizing product,28,3
493,1,Advanced eco-centric intranet,30,1
494,8,Multi-lateral motivating matrices,16,2
495,2,Quality-focused 24 hour knowledge base,9,3
496,2,Configurable upward-trending support,65,5
497,7,Quality-focused reciprocal budgetary management,95,5
498,2,Fully-configurable contextually-based archive,22,1
499,6,Pre-emptive 24/7 architecture,75,3
500,7,Universal fault-tolerant core,14,1
501,9,User-friendly incremental conglomeration,13,1
502,1,Multi-layered neutral methodology,88,2
503,7,Adaptive contextually-based forecast,76,5
504,8,Virtual zero defect circuit,47,3
505,6,Fundamental motivating Graphic Interface,85,2
506,3,Down-sized background encoding,5,3
507,1,Re-engineered even-keeled attitude,53,5
508,2,Multi-tiered cohesive focus group,45,2
509,6,Inverse systematic secured line,6,4
510,3,Down-sized multi-tasking structure,82,2
511,6,Polarised dedicated success,63,3
512,7,Networked systematic open system,4,2
513,10,Polarised clear-thinking data-warehouse,69,5
514,5,User-centric 3rd generation methodology,14,4
515,2,Multi-layered homogeneous algorithm,92,3
516,9,Persevering user-facing complexity,81,1
517,10,Intuitive optimal hub,10,2
518,5,Down-sized explicit moratorium,81,5
519,10,Synchronised object-oriented groupware,49,5
520,2,Quality-focused local support,74,3
521,8,Integrated logistical interface,1,2
522,6,Multi-lateral clear-thinking data-warehouse,37,3
523,3,Face to face transitional open system,97,5
524,3,Reduced asynchronous success,4,2
525,4,Universal intermediate neural-net,87,1
526,5,Reactive impactful Graphical User Interface,7,4
527,7,Re-contextualized intermediate process improvement,51,3
528,2,Switchable incremental array,8,1
529,5,Persistent multimedia capacity,58,2
530,1,Fundamental local process improvement,19,5
531,9,Total bifurcated synergy,60,5
532,5,Switchable clear-thinking parallelism,61,5
533,5,Open-source fault-tolerant service-desk,72,2
534,2,Adaptive uniform implementation,92,2
535,10,Synchronised systematic attitude,20,3
536,6,Open-architected client-driven internet solution,32,5
537,2,Synchronised fault-tolerant encryption,15,4
538,9,Ameliorated client-server collaboration,87,3
539,3,Business-focused hybrid orchestration,86,5
540,2,Phased 24/7 interface,99,3
541,6,Optimized web-enabled solution,25,2
542,10,Ameliorated value-added local area network,11,2
543,4,Robust next generation projection,75,5
544,4,Synergized client-driven Graphic Interface,9,4
545,7,Organic systemic capacity,25,1
546,3,Inverse fresh-thinking extranet,91,1
547,5,Stand-alone grid-enabled service-desk,77,1
548,5,Configurable composite local area network,89,4
549,6,Advanced national budgetary management,66,5
550,4,Re-engineered mobile algorithm,81,5
551,2,Cross-group mission-critical structure,34,2
552,2,Pre-emptive stable monitoring,16,1
553,7,Digitized even-keeled customer loyalty,49,5
554,2,Pre-emptive interactive structure,42,4
555,1,Seamless next generation ability,62,4
556,1,Streamlined global monitoring,56,2
557,3,Profit-focused 3rd generation interface,85,2
558,8,Innovative secondary help-desk,6,1
559,7,Optional stable encoding,87,5
560,5,Fundamental 4th generation support,98,2
561,6,Face to face optimizing interface,26,2
562,9,Realigned foreground paradigm,94,2
563,4,Expanded scalable core,11,1
564,8,Adaptive interactive architecture,3,2
565,8,Open-source incremental frame,49,5
566,6,Programmable tangible model,37,5
567,6,Automated well-modulated complexity,74,5
568,10,Synergistic context-sensitive middleware,31,3
569,10,Multi-channelled incremental methodology,15,3
570,2,Streamlined radical hub,94,4
571,4,Team-oriented user-facing initiative,14,2
572,10,Future-proofed analyzing algorithm,99,1
573,9,Enhanced zero defect support,92,5
574,4,Extended cohesive infrastructure,16,3
575,3,Ergonomic local customer loyalty,41,2
576,5,Down-sized directional contingency,74,1
577,10,Fully-configurable national leverage,36,3
578,6,Progressive hybrid concept,86,3
579,6,Persevering optimizing firmware,71,3
580,5,Stand-alone responsive application,64,1
581,10,Compatible static support,100,2
582,10,Implemented static internet solution,15,3
583,6,Team-oriented 6th generation moratorium,56,1
584,4,Down-sized incremental customer loyalty,50,1
585,4,Optimized upward-trending open architecture,19,2
586,1,Function-based coherent info-mediaries,98,5
587,1,Reverse-engineered upward-trending info-mediaries,29,1
588,8,Fundamental eco-centric internet solution,77,1
589,7,Front-line maximized hardware,45,4
590,7,Open-architected explicit array,96,5
591,6,Networked tangible model,64,4
592,7,Profit-focused upward-trending frame,70,3
593,10,Open-architected methodical framework,22,3
594,2,Compatible grid-enabled contingency,22,4
595,6,Team-oriented local service-desk,20,3
596,1,Self-enabling motivating instruction set,26,4
597,9,Networked neutral groupware,65,3
598,10,Multi-channelled executive functionalities,22,4
599,7,Versatile explicit strategy,5,4
600,3,Phased content-based internet solution,98,4
601,1,De-engineered responsive functionalities,91,5
602,3,Secured homogeneous contingency,20,3
603,4,Face to face radical toolset,54,4
604,3,Enterprise-wide leading edge parallelism,48,5
605,9,Function-based object-oriented function,27,1
606,2,Vision-oriented reciprocal budgetary management,53,3
607,9,Universal disintermediate knowledge base,77,5
608,7,Optional cohesive emulation,45,2
609,5,Extended reciprocal software,90,4
610,6,Balanced optimizing conglomeration,34,1
611,6,User-friendly mission-critical database,100,2
612,5,Switchable non-volatile success,82,3
613,6,Cross-platform intermediate capacity,61,4
614,5,Synchronised even-keeled initiative,28,1
615,9,Team-oriented multi-tasking intranet,79,5
616,10,Realigned intermediate emulation,44,4
617,4,Down-sized coherent info-mediaries,4,1
618,7,Adaptive next generation matrices,24,4
619,10,Realigned even-keeled synergy,77,3
620,6,Profit-focused web-enabled forecast,8,4
621,7,Optional solution-oriented firmware,74,5
622,10,Synchronised secondary process improvement,83,2
623,3,Compatible dynamic concept,57,3
624,5,Persevering motivating interface,6,2
625,9,Ergonomic high-level alliance,54,4
626,3,Polarised transitional Graphic Interface,70,2
627,4,Realigned fault-tolerant Graphical User Interface,21,1
628,10,Ameliorated interactive time-frame,39,3
629,6,Synchronised national challenge,36,2
630,2,Organized dedicated monitoring,58,1
631,1,Grass-roots 24 hour success,66,3
632,7,Extended dedicated database,59,2
633,6,Front-line modular instruction set,11,2
634,10,Front-line 24/7 interface,95,2
635,4,Fully-configurable non-volatile data-warehouse,100,3
636,7,Re-contextualized non-volatile function,98,2
637,6,Switchable dedicated migration,80,4
638,6,Managed demand-driven task-force,48,2
639,9,Innovative zero tolerance time-frame,84,2
640,1,Enhanced solution-oriented utilisation,16,1
641,3,Integrated 4th generation archive,16,3
642,2,Optimized user-facing capacity,83,3
643,1,Customizable systematic benchmark,19,4
644,7,Virtual asynchronous ability,83,3
645,7,Ameliorated impactful collaboration,99,4
646,3,Fully-configurable attitude-oriented alliance,93,1
647,2,Down-sized exuding instruction set,74,1
648,9,Cross-platform user-facing paradigm,8,3
649,8,Synergized impactful matrix,84,4
650,3,Switchable bandwidth-monitored internet solution,99,3
651,5,Inverse scalable focus group,60,5
652,2,Advanced human-resource orchestration,80,5
653,7,Self-enabling content-based forecast,100,5
654,10,Customizable homogeneous analyzer,39,2
655,6,Organic leading edge toolset,46,4
656,7,Optimized disintermediate standardization,17,1
657,2,Right-sized homogeneous extranet,95,4
658,3,Reactive value-added challenge,10,2
659,1,Optional leading edge projection,37,5
660,10,Multi-lateral eco-centric paradigm,78,5
661,7,Seamless local encoding,37,5
662,5,Cross-group composite focus group,0,2
663,5,Front-line intermediate structure,63,5
664,3,Advanced global superstructure,12,2
665,5,Organized homogeneous Graphic Interface,96,1
666,9,De-engineered bifurcated projection,15,2
667,8,Pre-emptive impactful focus group,46,1
668,3,Fully-configurable directional hardware,83,1
669,10,Diverse system-worthy success,17,4
670,5,Adaptive responsive complexity,57,2
671,2,Up-sized intangible internet solution,80,2
672,4,Open-architected 24 hour access,82,5
673,1,Fundamental client-server focus group,74,1
674,2,Up-sized impactful process improvement,75,4
675,3,Organic secondary portal,79,5
676,9,User-friendly multi-tasking database,63,1
677,8,Grass-roots uniform definition,53,2
678,9,Secured optimizing support,40,4
679,10,Business-focused web-enabled forecast,51,1
680,2,Digitized logistical infrastructure,73,1
681,10,User-friendly analyzing analyzer,29,4
682,9,Face to face real-time encryption,23,1
683,10,Cloned empowering orchestration,44,4
684,9,Profit-focused object-oriented firmware,43,4
685,5,Customizable optimizing infrastructure,32,3
686,8,Polarised tangible monitoring,97,1
687,2,Visionary hybrid internet solution,6,4
688,8,Object-based transitional methodology,70,2
689,8,Programmable directional data-warehouse,10,3
690,4,Future-proofed motivating paradigm,58,2
691,3,Profound composite Graphic Interface,24,5
692,3,Up-sized systematic circuit,53,1
693,6,Advanced eco-centric conglomeration,92,1
694,8,Exclusive object-oriented budgetary management,87,2
695,4,Expanded coherent intranet,16,4
696,7,Horizontal 24/7 portal,66,2
697,6,Reactive mobile conglomeration,54,3
698,2,Advanced foreground encoding,1,2
699,3,Persevering systematic extranet,21,4
700,4,Polarised zero administration access,18,4
701,10,Customizable zero defect challenge,82,4
702,6,Versatile content-based infrastructure,61,1
703,7,Intuitive well-modulated ability,73,5
704,3,Customer-focused mission-critical task-force,39,2
705,8,Implemented web-enabled application,15,4
706,10,Pre-emptive web-enabled hub,81,2
707,9,Implemented upward-trending ability,67,2
708,10,Object-based dedicated adapter,74,1
709,8,Cross-group mobile encryption,59,5
710,2,Customer-focused tangible protocol,8,2
711,4,Decentralized holistic conglomeration,82,1
712,7,Virtual intangible matrix,57,3
713,10,Organic clear-thinking matrix,14,5
714,2,Self-enabling secondary contingency,43,5
715,6,Profound 5th generation instruction set,0,3
716,10,Optional encompassing artificial intelligence,89,5
717,6,Enterprise-wide explicit help-desk,42,4
718,9,Extended bottom-line local area network,40,4
719,7,Operative secondary software,96,2
720,9,Secured executive throughput,5,5
721,5,Multi-lateral explicit leverage,58,5
722,7,Team-oriented multi-state policy,62,2
723,7,Triple-buffered human-resource info-mediaries,43,3
724,10,Re-engineered full-range software,30,5
725,1,Intuitive multi-state local area network,75,1
726,3,Multi-layered needs-based throughput,60,1
727,2,Networked background service-desk,98,2
728,5,Persistent solution-oriented time-frame,44,5
729,10,Down-sized mission-critical capability,30,3
730,3,Multi-tiered holistic internet solution,89,2
731,7,Proactive motivating archive,76,1
732,10,Business-focused fault-tolerant circuit,62,4
733,2,Total client-driven throughput,39,3
734,2,Future-proofed analyzing framework,2,1
735,7,Total background time-frame,75,2
736,3,Grass-roots zero tolerance Graphic Interface,42,4
737,8,Customizable demand-driven software,63,3
738,1,Face to face well-modulated architecture,21,1
739,10,Intuitive 5th generation data-warehouse,58,5
740,3,Quality-focused logistical solution,1,1
741,8,Polarised cohesive workforce,86,2
742,3,Polarised bi-directional local area network,55,2
743,5,Versatile intangible infrastructure,34,4
744,2,Innovative logistical complexity,98,2
745,9,Polarised radical superstructure,53,4
746,6,Triple-buffered directional flexibility,86,4
747,6,Inverse background hierarchy,71,1
748,6,Reactive upward-trending task-force,2,2
749,10,Programmable real-time support,73,4
750,3,Customizable fresh-thinking analyzer,42,5
751,1,Visionary cohesive encoding,8,1
752,2,Organic executive architecture,39,4
753,5,Integrated transitional throughput,10,1
754,5,Synergistic methodical installation,49,4
755,7,Expanded bi-directional software,51,2
756,7,User-centric interactive flexibility,25,5
757,1,Visionary eco-centric encoding,93,4
758,8,Balanced grid-enabled installation,21,4
759,5,Public-key optimal archive,31,1
760,10,User-centric didactic hardware,52,3
761,2,Reduced high-level standardization,82,2
762,3,Optional eco-centric paradigm,71,1
763,8,Configurable real-time benchmark,10,1
764,5,Decentralized transitional hub,51,5
765,5,Front-line systematic infrastructure,18,3
766,2,Reduced real-time interface,41,4
767,8,Fundamental full-range conglomeration,7,2
768,2,Integrated 5th generation paradigm,71,5
769,4,Pre-emptive user-facing database,69,3
770,9,Synergized logistical implementation,100,1
771,5,Reduced tertiary parallelism,4,5
772,2,Inverse optimal budgetary management,0,4
773,2,Fully-configurable client-server concept,40,2
774,10,Diverse systemic capacity,16,1
775,8,Expanded actuating orchestration,5,3
776,1,Inverse next generation initiative,68,5
777,7,Cross-group asynchronous capacity,81,5
778,9,Managed user-facing strategy,97,3
779,5,Vision-oriented background architecture,70,5
780,5,Persevering executive implementation,23,4
781,1,Ameliorated bottom-line extranet,35,4
782,4,Down-sized scalable access,12,3
783,8,Team-oriented transitional groupware,17,1
784,10,Polarised zero tolerance forecast,75,2
785,6,Advanced intermediate middleware,61,2
786,6,Automated incremental initiative,74,4
787,10,Phased impactful archive,68,2
788,7,Progressive interactive pricing structure,96,1
789,9,Team-oriented composite migration,43,1
790,2,Synergistic secondary capacity,33,2
791,5,Automated mission-critical open architecture,47,4
792,5,Reactive client-driven collaboration,64,4
793,5,Secured local conglomeration,37,2
794,7,Intuitive system-worthy groupware,20,1
795,6,Organized methodical policy,32,4
796,8,Programmable composite initiative,42,5
797,9,Vision-oriented interactive neural-net,29,3
798,10,Re-engineered contextually-based superstructure,70,2
799,9,Centralized explicit throughput,40,2
800,1,Business-focused 3rd generation process improvement,63,5
801,6,Function-based systematic matrices,62,3
802,2,Vision-oriented regional paradigm,5,1
803,9,Multi-channelled interactive process improvement,16,2
804,2,Realigned national flexibility,55,4
805,3,Public-key object-oriented project,90,5
806,6,Synergized transitional archive,88,3
807,9,Mandatory cohesive internet solution,1,3
808,9,Enhanced explicit help-desk,57,1
809,9,Expanded impactful leverage,34,1
810,9,Pre-emptive interactive frame,93,2
811,3,Team-oriented content-based task-force,96,5
812,8,Assimilated systemic knowledge base,45,1
813,1,Face to face attitude-oriented conglomeration,74,3
814,10,Synergistic systemic data-warehouse,23,2
815,1,Digitized bifurcated framework,25,2
816,10,Re-engineered disintermediate function,50,5
817,10,Reactive object-oriented success,70,5
818,2,Extended foreground forecast,81,3
819,3,Universal static encryption,49,5
820,1,Programmable analyzing middleware,17,3
821,6,Reverse-engineered non-volatile knowledge user,16,1
822,1,Integrated eco-centric application,4,4
823,7,Innovative mission-critical concept,29,5
824,7,Enhanced multi-state project,73,2
825,4,Pre-emptive 4th generation help-desk,59,3
826,10,User-centric regional website,45,1
827,4,Grass-roots discrete extranet,40,5
828,4,Assimilated bandwidth-monitored archive,47,2
829,3,Decentralized real-time database,57,2
830,6,Re-contextualized 5th generation encryption,64,2
831,8,Extended scalable projection,75,2
832,5,Sharable attitude-oriented orchestration,12,2
833,9,Profound multi-tasking installation,93,5
834,9,Multi-tiered global structure,64,1
835,3,Decentralized asymmetric application,99,5
836,1,Fundamental 24 hour database,76,4
837,2,Re-engineered systematic project,63,3
838,10,Versatile local utilisation,60,4
839,1,Balanced fresh-thinking intranet,58,1
840,10,Phased empowering structure,57,4
841,5,Optimized tertiary forecast,80,4
842,7,Down-sized empowering forecast,19,2
843,7,Diverse multimedia analyzer,3,4
844,9,Digitized non-volatile superstructure,16,1
845,10,Operative tertiary implementation,96,5
846,8,Business-focused asynchronous implementation,11,4
847,8,Streamlined system-worthy focus group,71,5
848,1,Face to face zero defect monitoring,62,3
849,1,Right-sized coherent hierarchy,33,4
850,7,Virtual directional frame,57,2
851,2,Public-key local analyzer,89,5
852,1,Vision-oriented empowering matrices,49,4
853,6,Advanced multi-tasking analyzer,37,2
854,7,Open-source impactful hub,48,3
855,5,Triple-buffered bifurcated encryption,73,2
856,10,Implemented reciprocal service-desk,57,4
857,1,Universal executive support,87,2
858,6,Monitored responsive customer loyalty,93,4
859,9,Customer-focused demand-driven extranet,28,4
860,1,Implemented context-sensitive encoding,80,2
861,2,User-friendly stable help-desk,100,1
862,2,Multi-channelled composite orchestration,29,4
863,7,Front-line eco-centric frame,54,3
864,5,Future-proofed 6th generation synergy,23,1
865,6,Persistent demand-driven alliance,40,4
866,7,Pre-emptive attitude-oriented collaboration,38,1
867,4,Profit-focused zero administration methodology,15,3
868,7,Robust 5th generation moratorium,49,3
869,10,Customer-focused encompassing groupware,24,5
870,6,Extended scalable definition,27,3
871,3,User-centric optimizing solution,84,4
872,4,Devolved motivating encryption,69,2
873,7,Configurable even-keeled circuit,60,1
874,3,Diverse multi-tasking throughput,86,4
875,4,Team-oriented mobile open architecture,88,3
876,7,Enterprise-wide full-range process improvement,55,2
877,8,Object-based attitude-oriented encoding,36,3
878,1,Streamlined multi-tasking data-warehouse,70,1
879,9,Enhanced solution-oriented capability,62,1
880,7,Open-source empowering flexibility,37,5
881,9,Expanded multi-tasking neural-net,84,5
882,8,Mandatory client-driven monitoring,0,2
883,10,Persevering systematic migration,38,2
884,8,Open-architected needs-based conglomeration,9,3
885,2,Optimized 3rd generation implementation,22,4
886,3,Re-engineered needs-based strategy,79,5
887,1,Multi-tiered national definition,39,3
888,9,Face to face optimizing conglomeration,84,3
889,10,Integrated logistical methodology,1,1
890,3,Universal client-driven toolset,76,2
891,7,Fundamental bottom-line collaboration,31,5
892,9,Inverse object-oriented utilisation,56,2
893,2,Mandatory empowering model,10,3
894,9,Multi-tiered exuding open architecture,10,5
895,8,Multi-tiered disintermediate capacity,12,2
896,3,Extended multimedia local area network,13,5
897,7,Function-based human-resource complexity,45,5
898,4,Vision-oriented client-driven strategy,71,3
899,9,Phased national migration,48,1
900,9,Devolved grid-enabled instruction set,73,1
901,10,Expanded radical pricing structure,98,3
902,3,Total well-modulated orchestration,25,4
903,3,Ameliorated object-oriented local area network,86,4
904,9,Mandatory clear-thinking support,19,2
905,7,Advanced 5th generation implementation,71,2
906,5,Total explicit access,61,2
907,9,Ergonomic upward-trending success,80,2
908,1,Compatible national info-mediaries,68,5
909,8,Operative 24/7 support,77,3
910,7,Enhanced next generation orchestration,86,2
911,10,Cross-group system-worthy support,1,3
912,8,Seamless fresh-thinking archive,43,1
913,6,Front-line transitional productivity,3,2
914,8,Enterprise-wide even-keeled moderator,87,5
915,10,User-friendly tertiary paradigm,68,5
916,6,De-engineered homogeneous strategy,1,3
917,2,Configurable bandwidth-monitored approach,7,2
918,6,Quality-focused full-range forecast,40,5
919,9,Front-line composite access,15,5
920,9,Enhanced needs-based projection,51,5
921,2,Operative client-driven project,18,5
922,10,Pre-emptive stable project,81,5
923,2,Synergistic foreground moderator,75,3
924,8,Distributed user-facing interface,100,1
925,2,Inverse context-sensitive extranet,71,4
926,5,Triple-buffered maximized local area network,37,4
927,7,Virtual impactful success,42,1
928,7,Horizontal heuristic process improvement,90,4
929,6,Cross-platform encompassing leverage,37,5
930,1,Profound responsive hub,90,5
931,7,Multi-tiered encompassing contingency,1,2
932,6,Object-based fault-tolerant groupware,32,2
933,7,Intuitive optimizing benchmark,31,1
934,2,Reduced demand-driven middleware,1,2
935,1,Advanced local access,78,2
936,5,Advanced multimedia service-desk,15,2
937,8,Public-key stable groupware,71,2
938,3,Upgradable zero tolerance conglomeration,94,4
939,8,Universal uniform methodology,17,2
940,6,Reduced empowering emulation,74,5
941,6,Synergistic stable project,57,4
942,7,User-friendly optimal neural-net,93,2
943,8,Fundamental multi-tasking customer loyalty,78,5
944,3,Object-based context-sensitive capacity,23,2
945,5,Universal analyzing complexity,89,4
946,7,Inverse user-facing archive,3,4
947,8,Organized mobile open system,89,2
948,8,Multi-lateral motivating protocol,83,4
949,4,Realigned local service-desk,26,3
950,2,Re-contextualized attitude-oriented access,91,3
951,4,Managed dynamic protocol,14,3
952,8,Reverse-engineered modular infrastructure,74,4
953,6,Open-source dynamic attitude,60,1
954,1,Customer-focused bi-directional paradigm,1,4
955,2,Visionary analyzing artificial intelligence,79,3
956,7,Automated multimedia ability,61,2
957,4,Upgradable tertiary forecast,99,2
958,4,Vision-oriented 6th generation protocol,93,5
959,8,Profit-focused demand-driven ability,72,3
960,7,Assimilated analyzing functionalities,34,2
961,2,Visionary demand-driven implementation,60,1
962,7,Synergistic value-added local area network,67,1
963,7,Polarised responsive capacity,35,2
964,1,Inverse intangible leverage,12,2
965,2,Reactive empowering throughput,77,2
966,8,Adaptive disintermediate extranet,83,5
967,5,Managed 5th generation intranet,85,3
968,3,Optional real-time core,71,2
969,1,Reactive leading edge moderator,44,4
970,6,Fundamental optimizing knowledge user,31,1
971,8,Reactive hybrid customer loyalty,53,1
972,4,Public-key mission-critical synergy,6,4
973,2,Programmable executive instruction set,27,5
974,1,Pre-emptive secondary neural-net,22,4
975,6,Self-enabling 6th generation flexibility,36,3
976,3,Polarised object-oriented extranet,1,1
977,6,Cloned systemic interface,100,1
978,1,Organic 24/7 array,24,4
979,8,Expanded executive functionalities,62,2
980,1,Focused non-volatile database,22,3
981,3,Right-sized logistical intranet,72,3
982,3,Assimilated national core,36,2
983,10,Optimized analyzing support,70,2
984,6,Organized homogeneous intranet,58,2
985,3,User-centric bandwidth-monitored matrix,19,5
986,9,Seamless modular database,11,5
987,10,Self-enabling actuating service-desk,90,4
988,9,Focused dedicated knowledge base,71,3
989,3,Multi-tiered needs-based standardization,99,2
990,9,Cloned 4th generation customer loyalty,38,1
991,2,Organized real-time info-mediaries,18,5
992,10,Streamlined modular workforce,92,5
993,6,Enhanced explicit strategy,46,1
994,10,Assimilated intangible encryption,100,4
995,6,Advanced coherent task-force,21,2
996,9,Focused optimizing knowledge user,13,4
997,3,Face to face multimedia extranet,9,3
998,8,User-centric leading edge policy,67,3
999,4,Centralized mobile initiative,79,3
1000,2,Persistent analyzing application,25,2
